stage	array_task_id	disposition	started_epoch	ended_epoch	elapsed_seconds	retry	scratch_available_bytes_at_start	scratch_high_water_bytes	scratch_required_bytes	scratch_path
preflight		success	1784744487	1784744496	9	0	850930454528	8234	736535376	/scratch/vgp-clean-P07-1791510-KMUN0E/vgp-vgp-clean-canary-20260722-v1-P07-preflight-1791510.partial
mapping		success	1784744496	1784746595	2099		850930372608		68719476736	
impg		success	1784746595	1784749613	3018	0	850867417088	164849618	68719476736	/scratch/vgp-clean-P07-1791510-KMUN0E/vgp-vgp-clean-canary-20260722-v1-P07-impg-1791510.partial
variants		success	1784749614	1784749661	47	0	849878773760	109043273	68719476736	/scratch/vgp-clean-P07-1791510-KMUN0E/vgp-vgp-clean-canary-20260722-v1-P07-variants-1791510.partial
consensus		success	1784749661	1784749880	219	0	849769701376	498727393	68719476736	/scratch/vgp-clean-P07-1791510-KMUN0E/vgp-vgp-clean-canary-20260722-v1-P07-consensus-1791510.partial
annotation		success	1784749881	1784750087	206	0	849270697984	71155138	17179869184	/scratch/vgp-clean-P07-1791510-KMUN0E/vgp-vgp-clean-canary-20260722-v1-P07-annotation-1791510.partial
psmc/replicate-000	0	success	1784750088	1784750948	860	0	849199583232	103578	17179869184	/scratch/vgp-clean-P07-1791510-KMUN0E/vgp-vgp-clean-canary-20260722-v1-P07-psmc-replicate-000-1791510.partial
psmc/replicate-001	1	success	1784750088	1784750895	807	0	849199583232	104116	17179869184	/scratch/vgp-clean-P07-1791510-KMUN0E/vgp-vgp-clean-canary-20260722-v1-P07-psmc-replicate-001-1791510.partial
psmc/replicate-002	2	success	1784750088	1784751033	945	0	849199587328	103570	17179869184	/scratch/vgp-clean-P07-1791510-KMUN0E/vgp-vgp-clean-canary-20260722-v1-P07-psmc-replicate-002-1791510.partial
psmc/replicate-003	3	success	1784750088	1784750936	848	0	849199607808	103586	17179869184	/scratch/vgp-clean-P07-1791510-KMUN0E/vgp-vgp-clean-canary-20260722-v1-P07-psmc-replicate-003-1791510.partial
psmc/replicate-004	4	success	1784750088	1784750927	839	0	849199607808	103638	17179869184	/scratch/vgp-clean-P07-1791510-KMUN0E/vgp-vgp-clean-canary-20260722-v1-P07-psmc-replicate-004-1791510.partial
psmc/replicate-005	5	success	1784750088	1784750946	858	0	849199583232	104181	17179869184	/scratch/vgp-clean-P07-1791510-KMUN0E/vgp-vgp-clean-canary-20260722-v1-P07-psmc-replicate-005-1791510.partial
psmc/replicate-006	6	success	1784750088	1784750923	835	0	849199489024	104143	17179869184	/scratch/vgp-clean-P07-1791510-KMUN0E/vgp-vgp-clean-canary-20260722-v1-P07-psmc-replicate-006-1791510.partial
psmc/replicate-007	7	success	1784750088	1784750935	847	0	849199513600	104096	17179869184	/scratch/vgp-clean-P07-1791510-KMUN0E/vgp-vgp-clean-canary-20260722-v1-P07-psmc-replicate-007-1791510.partial
psmc/replicate-008	8	success	1784750088	1784751060	972	0	849199587328	103908	17179869184	/scratch/vgp-clean-P07-1791510-KMUN0E/vgp-vgp-clean-canary-20260722-v1-P07-psmc-replicate-008-1791510.partial
psmc/replicate-009	9	success	1784750088	1784750948	860	0	849199587328	103899	17179869184	/scratch/vgp-clean-P07-1791510-KMUN0E/vgp-vgp-clean-canary-20260722-v1-P07-psmc-replicate-009-1791510.partial
psmc/replicate-010	10	success	1784750088	1784751002	914	0	849199390720	103592	17179869184	/scratch/vgp-clean-P07-1791510-KMUN0E/vgp-vgp-clean-canary-20260722-v1-P07-psmc-replicate-010-1791510.partial
psmc/replicate-011	11	success	1784750088	1784750957	869	0	849199435776	104122	17179869184	/scratch/vgp-clean-P07-1791510-KMUN0E/vgp-vgp-clean-canary-20260722-v1-P07-psmc-replicate-011-1791510.partial
psmc/replicate-012	12	success	1784750088	1784750993	905	0	849199587328	104235	17179869184	/scratch/vgp-clean-P07-1791510-KMUN0E/vgp-vgp-clean-canary-20260722-v1-P07-psmc-replicate-012-1791510.partial
psmc/replicate-013	13	success	1784750088	1784750908	820	0	849199583232	104028	17179869184	/scratch/vgp-clean-P07-1791510-KMUN0E/vgp-vgp-clean-canary-20260722-v1-P07-psmc-replicate-013-1791510.partial
psmc/replicate-014	14	success	1784750088	1784750988	900	0	849199386624	103978	17179869184	/scratch/vgp-clean-P07-1791510-KMUN0E/vgp-vgp-clean-canary-20260722-v1-P07-psmc-replicate-014-1791510.partial
psmc/replicate-015	15	success	1784750088	1784750966	878	0	849199587328	103648	17179869184	/scratch/vgp-clean-P07-1791510-KMUN0E/vgp-vgp-clean-canary-20260722-v1-P07-psmc-replicate-015-1791510.partial
psmc/replicate-016	16	success	1784750088	1784750933	845	0	849199583232	103593	17179869184	/scratch/vgp-clean-P07-1791510-KMUN0E/vgp-vgp-clean-canary-20260722-v1-P07-psmc-replicate-016-1791510.partial
psmc/replicate-017	17	success	1784750088	1784750974	886	0	849199587328	103861	17179869184	/scratch/vgp-clean-P07-1791510-KMUN0E/vgp-vgp-clean-canary-20260722-v1-P07-psmc-replicate-017-1791510.partial
psmc/replicate-018	18	success	1784750088	1784750977	889	0	849199632384	104040	17179869184	/scratch/vgp-clean-P07-1791510-KMUN0E/vgp-vgp-clean-canary-20260722-v1-P07-psmc-replicate-018-1791510.partial
psmc/replicate-019	19	success	1784750088	1784750986	898	0	849199411200	104115	17179869184	/scratch/vgp-clean-P07-1791510-KMUN0E/vgp-vgp-clean-canary-20260722-v1-P07-psmc-replicate-019-1791510.partial
psmc/replicate-020	20	success	1784751060	1784751890	830	0	849196945408	103971	17179869184	/scratch/vgp-clean-P07-1791510-KMUN0E/vgp-vgp-clean-canary-20260722-v1-P07-psmc-replicate-020-1791510.partial
psmc/replicate-021	21	success	1784751060	1784751888	828	0	849196847104	104087	17179869184	/scratch/vgp-clean-P07-1791510-KMUN0E/vgp-vgp-clean-canary-20260722-v1-P07-psmc-replicate-021-1791510.partial
psmc/replicate-022	22	success	1784751060	1784751956	896	0	849196949504	104169	17179869184	/scratch/vgp-clean-P07-1791510-KMUN0E/vgp-vgp-clean-canary-20260722-v1-P07-psmc-replicate-022-1791510.partial
psmc/replicate-023	23	success	1784751060	1784751909	849	0	849197092864	103751	17179869184	/scratch/vgp-clean-P07-1791510-KMUN0E/vgp-vgp-clean-canary-20260722-v1-P07-psmc-replicate-023-1791510.partial
psmc/replicate-024	24	success	1784751060	1784751847	787	0	849197043712	104048	17179869184	/scratch/vgp-clean-P07-1791510-KMUN0E/vgp-vgp-clean-canary-20260722-v1-P07-psmc-replicate-024-1791510.partial
psmc/replicate-025	25	success	1784751060	1784751905	845	0	849196949504	103956	17179869184	/scratch/vgp-clean-P07-1791510-KMUN0E/vgp-vgp-clean-canary-20260722-v1-P07-psmc-replicate-025-1791510.partial
psmc/replicate-026	26	success	1784751060	1784751949	889	0	849196998656	103574	17179869184	/scratch/vgp-clean-P07-1791510-KMUN0E/vgp-vgp-clean-canary-20260722-v1-P07-psmc-replicate-026-1791510.partial
psmc/replicate-027	27	success	1784751060	1784751953	893	0	849197043712	103769	17179869184	/scratch/vgp-clean-P07-1791510-KMUN0E/vgp-vgp-clean-canary-20260722-v1-P07-psmc-replicate-027-1791510.partial
psmc/replicate-028	28	success	1784751060	1784751883	823	0	849197092864	104048	17179869184	/scratch/vgp-clean-P07-1791510-KMUN0E/vgp-vgp-clean-canary-20260722-v1-P07-psmc-replicate-028-1791510.partial
psmc/replicate-029	29	success	1784751060	1784751948	888	0	849196924928	104004	17179869184	/scratch/vgp-clean-P07-1791510-KMUN0E/vgp-vgp-clean-canary-20260722-v1-P07-psmc-replicate-029-1791510.partial
psmc/replicate-030	30	success	1784751060	1784751846	786	0	849196994560	104400	17179869184	/scratch/vgp-clean-P07-1791510-KMUN0E/vgp-vgp-clean-canary-20260722-v1-P07-psmc-replicate-030-1791510.partial
psmc/replicate-031	31	success	1784751060	1784751906	846	0	849197019136	104052	17179869184	/scratch/vgp-clean-P07-1791510-KMUN0E/vgp-vgp-clean-canary-20260722-v1-P07-psmc-replicate-031-1791510.partial
psmc/replicate-032	32	success	1784751060	1784751948	888	0	849197117440	103899	17179869184	/scratch/vgp-clean-P07-1791510-KMUN0E/vgp-vgp-clean-canary-20260722-v1-P07-psmc-replicate-032-1791510.partial
psmc/replicate-033	33	success	1784751060	1784751927	867	0	849196994560	103783	17179869184	/scratch/vgp-clean-P07-1791510-KMUN0E/vgp-vgp-clean-canary-20260722-v1-P07-psmc-replicate-033-1791510.partial
psmc/replicate-034	34	success	1784751060	1784751988	928	0	849197117440	104331	17179869184	/scratch/vgp-clean-P07-1791510-KMUN0E/vgp-vgp-clean-canary-20260722-v1-P07-psmc-replicate-034-1791510.partial
psmc/replicate-035	35	success	1784751060	1784751921	861	0	849197117440	103744	17179869184	/scratch/vgp-clean-P07-1791510-KMUN0E/vgp-vgp-clean-canary-20260722-v1-P07-psmc-replicate-035-1791510.partial
psmc/replicate-036	36	success	1784751060	1784751932	872	0	849196875776	104080	17179869184	/scratch/vgp-clean-P07-1791510-KMUN0E/vgp-vgp-clean-canary-20260722-v1-P07-psmc-replicate-036-1791510.partial
psmc/replicate-037	37	success	1784751060	1784751997	937	0	849197117440	103992	17179869184	/scratch/vgp-clean-P07-1791510-KMUN0E/vgp-vgp-clean-canary-20260722-v1-P07-psmc-replicate-037-1791510.partial
psmc/replicate-038	38	success	1784751060	1784751875	815	0	849197047808	103920	17179869184	/scratch/vgp-clean-P07-1791510-KMUN0E/vgp-vgp-clean-canary-20260722-v1-P07-psmc-replicate-038-1791510.partial
psmc/replicate-039	39	success	1784751060	1784751922	862	0	849197043712	104181	17179869184	/scratch/vgp-clean-P07-1791510-KMUN0E/vgp-vgp-clean-canary-20260722-v1-P07-psmc-replicate-039-1791510.partial
psmc/replicate-040	40	success	1784751997	1784752865	868	0	849194356736	104210	17179869184	/scratch/vgp-clean-P07-1791510-KMUN0E/vgp-vgp-clean-canary-20260722-v1-P07-psmc-replicate-040-1791510.partial
psmc/replicate-041	41	success	1784751997	1784752842	845	0	849194307584	104022	17179869184	/scratch/vgp-clean-P07-1791510-KMUN0E/vgp-vgp-clean-canary-20260722-v1-P07-psmc-replicate-041-1791510.partial
psmc/replicate-042	42	success	1784751997	1784752828	831	0	849194209280	103996	17179869184	/scratch/vgp-clean-P07-1791510-KMUN0E/vgp-vgp-clean-canary-20260722-v1-P07-psmc-replicate-042-1791510.partial
psmc/replicate-043	43	success	1784751997	1784752835	838	0	849194278912	103685	17179869184	/scratch/vgp-clean-P07-1791510-KMUN0E/vgp-vgp-clean-canary-20260722-v1-P07-psmc-replicate-043-1791510.partial
psmc/replicate-044	44	success	1784751997	1784752864	867	0	849194233856	103619	17179869184	/scratch/vgp-clean-P07-1791510-KMUN0E/vgp-vgp-clean-canary-20260722-v1-P07-psmc-replicate-044-1791510.partial
psmc/replicate-045	45	success	1784751997	1784752776	779	0	849194328064	103847	17179869184	/scratch/vgp-clean-P07-1791510-KMUN0E/vgp-vgp-clean-canary-20260722-v1-P07-psmc-replicate-045-1791510.partial
psmc/replicate-046	46	success	1784751997	1784752885	888	0	849194278912	103773	17179869184	/scratch/vgp-clean-P07-1791510-KMUN0E/vgp-vgp-clean-canary-20260722-v1-P07-psmc-replicate-046-1791510.partial
psmc/replicate-047	47	success	1784751997	1784752809	812	0	849194352640	103655	17179869184	/scratch/vgp-clean-P07-1791510-KMUN0E/vgp-vgp-clean-canary-20260722-v1-P07-psmc-replicate-047-1791510.partial
psmc/replicate-048	48	success	1784751997	1784752792	795	0	849194377216	104664	17179869184	/scratch/vgp-clean-P07-1791510-KMUN0E/vgp-vgp-clean-canary-20260722-v1-P07-psmc-replicate-048-1791510.partial
psmc/replicate-049	49	success	1784751997	1784752837	840	0	849194352640	103741	17179869184	/scratch/vgp-clean-P07-1791510-KMUN0E/vgp-vgp-clean-canary-20260722-v1-P07-psmc-replicate-049-1791510.partial
psmc/replicate-050	50	success	1784751997	1784752866	869	0	849194254336	104074	17179869184	/scratch/vgp-clean-P07-1791510-KMUN0E/vgp-vgp-clean-canary-20260722-v1-P07-psmc-replicate-050-1791510.partial
psmc/replicate-051	51	success	1784751997	1784752822	825	0	849194307584	104099	17179869184	/scratch/vgp-clean-P07-1791510-KMUN0E/vgp-vgp-clean-canary-20260722-v1-P07-psmc-replicate-051-1791510.partial
psmc/replicate-052	52	success	1784751997	1784752819	822	0	849194401792	103672	17179869184	/scratch/vgp-clean-P07-1791510-KMUN0E/vgp-vgp-clean-canary-20260722-v1-P07-psmc-replicate-052-1791510.partial
psmc/replicate-053	53	success	1784751997	1784752860	863	0	849194180608	103794	17179869184	/scratch/vgp-clean-P07-1791510-KMUN0E/vgp-vgp-clean-canary-20260722-v1-P07-psmc-replicate-053-1791510.partial
psmc/replicate-054	54	success	1784751997	1784752777	780	0	849194401792	103696	17179869184	/scratch/vgp-clean-P07-1791510-KMUN0E/vgp-vgp-clean-canary-20260722-v1-P07-psmc-replicate-054-1791510.partial
psmc/replicate-055	55	success	1784751997	1784752786	789	0	849194356736	105825	17179869184	/scratch/vgp-clean-P07-1791510-KMUN0E/vgp-vgp-clean-canary-20260722-v1-P07-psmc-replicate-055-1791510.partial
psmc/replicate-056	56	success	1784751997	1784752879	882	0	849194328064	104043	17179869184	/scratch/vgp-clean-P07-1791510-KMUN0E/vgp-vgp-clean-canary-20260722-v1-P07-psmc-replicate-056-1791510.partial
psmc/replicate-057	57	success	1784751997	1784752890	893	0	849194352640	104297	17179869184	/scratch/vgp-clean-P07-1791510-KMUN0E/vgp-vgp-clean-canary-20260722-v1-P07-psmc-replicate-057-1791510.partial
psmc/replicate-058	58	success	1784751997	1784752869	872	0	849194278912	103809	17179869184	/scratch/vgp-clean-P07-1791510-KMUN0E/vgp-vgp-clean-canary-20260722-v1-P07-psmc-replicate-058-1791510.partial
psmc/replicate-059	59	success	1784751997	1784752912	915	0	849194352640	103978	17179869184	/scratch/vgp-clean-P07-1791510-KMUN0E/vgp-vgp-clean-canary-20260722-v1-P07-psmc-replicate-059-1791510.partial
psmc/replicate-060	60	success	1784752912	1784753787	875	0	849192022016	103734	17179869184	/scratch/vgp-clean-P07-1791510-KMUN0E/vgp-vgp-clean-canary-20260722-v1-P07-psmc-replicate-060-1791510.partial
psmc/replicate-061	61	success	1784752912	1784753793	881	0	849192194048	103720	17179869184	/scratch/vgp-clean-P07-1791510-KMUN0E/vgp-vgp-clean-canary-20260722-v1-P07-psmc-replicate-061-1791510.partial
psmc/replicate-062	62	success	1784752912	1784753710	798	0	849192194048	104043	17179869184	/scratch/vgp-clean-P07-1791510-KMUN0E/vgp-vgp-clean-canary-20260722-v1-P07-psmc-replicate-062-1791510.partial
psmc/replicate-063	63	success	1784752912	1784753840	928	0	849192169472	103881	17179869184	/scratch/vgp-clean-P07-1791510-KMUN0E/vgp-vgp-clean-canary-20260722-v1-P07-psmc-replicate-063-1791510.partial
psmc/replicate-064	64	success	1784752912	1784753728	816	0	849192165376	103884	17179869184	/scratch/vgp-clean-P07-1791510-KMUN0E/vgp-vgp-clean-canary-20260722-v1-P07-psmc-replicate-064-1791510.partial
psmc/replicate-065	65	success	1784752912	1784753789	877	0	849192165376	104094	17179869184	/scratch/vgp-clean-P07-1791510-KMUN0E/vgp-vgp-clean-canary-20260722-v1-P07-psmc-replicate-065-1791510.partial
psmc/replicate-066	66	success	1784752912	1784753800	888	0	849192194048	103646	17179869184	/scratch/vgp-clean-P07-1791510-KMUN0E/vgp-vgp-clean-canary-20260722-v1-P07-psmc-replicate-066-1791510.partial
psmc/replicate-067	67	success	1784752912	1784753825	913	0	849191993344	103983	17179869184	/scratch/vgp-clean-P07-1791510-KMUN0E/vgp-vgp-clean-canary-20260722-v1-P07-psmc-replicate-067-1791510.partial
psmc/replicate-068	68	success	1784752912	1784753799	887	0	849192189952	103757	17179869184	/scratch/vgp-clean-P07-1791510-KMUN0E/vgp-vgp-clean-canary-20260722-v1-P07-psmc-replicate-068-1791510.partial
psmc/replicate-069	69	success	1784752912	1784753811	899	0	849192022016	104317	17179869184	/scratch/vgp-clean-P07-1791510-KMUN0E/vgp-vgp-clean-canary-20260722-v1-P07-psmc-replicate-069-1791510.partial
psmc/replicate-070	70	success	1784752912	1784753811	899	0	849192263680	103703	17179869184	/scratch/vgp-clean-P07-1791510-KMUN0E/vgp-vgp-clean-canary-20260722-v1-P07-psmc-replicate-070-1791510.partial
psmc/replicate-071	71	success	1784752912	1784753713	801	0	849192165376	103867	17179869184	/scratch/vgp-clean-P07-1791510-KMUN0E/vgp-vgp-clean-canary-20260722-v1-P07-psmc-replicate-071-1791510.partial
psmc/replicate-072	72	success	1784752912	1784753756	844	0	849192046592	104215	17179869184	/scratch/vgp-clean-P07-1791510-KMUN0E/vgp-vgp-clean-canary-20260722-v1-P07-psmc-replicate-072-1791510.partial
psmc/replicate-073	73	success	1784752912	1784753770	858	0	849192239104	104204	17179869184	/scratch/vgp-clean-P07-1791510-KMUN0E/vgp-vgp-clean-canary-20260722-v1-P07-psmc-replicate-073-1791510.partial
psmc/replicate-074	74	success	1784752912	1784753766	854	0	849192165376	103663	17179869184	/scratch/vgp-clean-P07-1791510-KMUN0E/vgp-vgp-clean-canary-20260722-v1-P07-psmc-replicate-074-1791510.partial
psmc/replicate-075	75	success	1784752912	1784753647	735	0	849192165376	103671	17179869184	/scratch/vgp-clean-P07-1791510-KMUN0E/vgp-vgp-clean-canary-20260722-v1-P07-psmc-replicate-075-1791510.partial
psmc/replicate-076	76	success	1784752912	1784753763	851	0	849192042496	103924	17179869184	/scratch/vgp-clean-P07-1791510-KMUN0E/vgp-vgp-clean-canary-20260722-v1-P07-psmc-replicate-076-1791510.partial
psmc/replicate-077	77	success	1784752912	1784753737	825	0	849192042496	103977	17179869184	/scratch/vgp-clean-P07-1791510-KMUN0E/vgp-vgp-clean-canary-20260722-v1-P07-psmc-replicate-077-1791510.partial
psmc/replicate-078	78	success	1784752912	1784753720	808	0	849192165376	104044	17179869184	/scratch/vgp-clean-P07-1791510-KMUN0E/vgp-vgp-clean-canary-20260722-v1-P07-psmc-replicate-078-1791510.partial
psmc/replicate-079	79	success	1784752912	1784753717	805	0	849192022016	103852	17179869184	/scratch/vgp-clean-P07-1791510-KMUN0E/vgp-vgp-clean-canary-20260722-v1-P07-psmc-replicate-079-1791510.partial
psmc/replicate-080	80	success	1784753840	1784754704	864	0	849189728256	104187	17179869184	/scratch/vgp-clean-P07-1791510-KMUN0E/vgp-vgp-clean-canary-20260722-v1-P07-psmc-replicate-080-1791510.partial
psmc/replicate-081	81	success	1784753840	1784754681	841	0	849189634048	103998	17179869184	/scratch/vgp-clean-P07-1791510-KMUN0E/vgp-vgp-clean-canary-20260722-v1-P07-psmc-replicate-081-1791510.partial
psmc/replicate-082	82	success	1784753840	1784754679	839	0	849189658624	103732	17179869184	/scratch/vgp-clean-P07-1791510-KMUN0E/vgp-vgp-clean-canary-20260722-v1-P07-psmc-replicate-082-1791510.partial
psmc/replicate-083	83	success	1784753840	1784754677	837	0	849189752832	103835	17179869184	/scratch/vgp-clean-P07-1791510-KMUN0E/vgp-vgp-clean-canary-20260722-v1-P07-psmc-replicate-083-1791510.partial
psmc/replicate-084	84	success	1784753840	1784754672	832	0	849189728256	103943	17179869184	/scratch/vgp-clean-P07-1791510-KMUN0E/vgp-vgp-clean-canary-20260722-v1-P07-psmc-replicate-084-1791510.partial
psmc/replicate-085	85	success	1784753840	1784754759	919	0	849189683200	104216	17179869184	/scratch/vgp-clean-P07-1791510-KMUN0E/vgp-vgp-clean-canary-20260722-v1-P07-psmc-replicate-085-1791510.partial
psmc/replicate-086	86	success	1784753840	1784754687	847	0	849189728256	103792	17179869184	/scratch/vgp-clean-P07-1791510-KMUN0E/vgp-vgp-clean-canary-20260722-v1-P07-psmc-replicate-086-1791510.partial
psmc/replicate-087	87	success	1784753840	1784754630	790	0	849189658624	103625	17179869184	/scratch/vgp-clean-P07-1791510-KMUN0E/vgp-vgp-clean-canary-20260722-v1-P07-psmc-replicate-087-1791510.partial
psmc/replicate-088	88	success	1784753840	1784754745	905	0	849189707776	104240	17179869184	/scratch/vgp-clean-P07-1791510-KMUN0E/vgp-vgp-clean-canary-20260722-v1-P07-psmc-replicate-088-1791510.partial
psmc/replicate-089	89	success	1784753840	1784754673	833	0	849189707776	104386	17179869184	/scratch/vgp-clean-P07-1791510-KMUN0E/vgp-vgp-clean-canary-20260722-v1-P07-psmc-replicate-089-1791510.partial
psmc/replicate-090	90	success	1784753840	1784754646	806	0	849189548032	103606	17179869184	/scratch/vgp-clean-P07-1791510-KMUN0E/vgp-vgp-clean-canary-20260722-v1-P07-psmc-replicate-090-1791510.partial
psmc/replicate-091	91	success	1784753840	1784754738	898	0	849189703680	103804	17179869184	/scratch/vgp-clean-P07-1791510-KMUN0E/vgp-vgp-clean-canary-20260722-v1-P07-psmc-replicate-091-1791510.partial
psmc/replicate-092	92	success	1784753840	1784754740	900	0	849189752832	103972	17179869184	/scratch/vgp-clean-P07-1791510-KMUN0E/vgp-vgp-clean-canary-20260722-v1-P07-psmc-replicate-092-1791510.partial
psmc/replicate-093	93	success	1784753840	1784754727	887	0	849189683200	103641	17179869184	/scratch/vgp-clean-P07-1791510-KMUN0E/vgp-vgp-clean-canary-20260722-v1-P07-psmc-replicate-093-1791510.partial
psmc/replicate-094	94	success	1784753840	1784754620	780	0	849189580800	103827	17179869184	/scratch/vgp-clean-P07-1791510-KMUN0E/vgp-vgp-clean-canary-20260722-v1-P07-psmc-replicate-094-1791510.partial
psmc/replicate-095	95	success	1784753840	1784754805	965	0	849189457920	104319	17179869184	/scratch/vgp-clean-P07-1791510-KMUN0E/vgp-vgp-clean-canary-20260722-v1-P07-psmc-replicate-095-1791510.partial
psmc/replicate-096	96	success	1784753840	1784754664	824	0	849189318656	104102	17179869184	/scratch/vgp-clean-P07-1791510-KMUN0E/vgp-vgp-clean-canary-20260722-v1-P07-psmc-replicate-096-1791510.partial
psmc/replicate-097	97	success	1784753840	1784754674	834	0	849189728256	104104	17179869184	/scratch/vgp-clean-P07-1791510-KMUN0E/vgp-vgp-clean-canary-20260722-v1-P07-psmc-replicate-097-1791510.partial
psmc/replicate-098	98	success	1784753840	1784754748	908	0	849189609472	103620	17179869184	/scratch/vgp-clean-P07-1791510-KMUN0E/vgp-vgp-clean-canary-20260722-v1-P07-psmc-replicate-098-1791510.partial
psmc/replicate-099	99	success	1784753840	1784754695	855	0	849189654528	104093	17179869184	/scratch/vgp-clean-P07-1791510-KMUN0E/vgp-vgp-clean-canary-20260722-v1-P07-psmc-replicate-099-1791510.partial
psmc/replicate-100	100	success	1784754805	1784755689	884	0	849187332096	103828	17179869184	/scratch/vgp-clean-P07-1791510-KMUN0E/vgp-vgp-clean-canary-20260722-v1-P07-psmc-replicate-100-1791510.partial
psmc/replicate-101	101	success	1784754805	1784755683	878	0	849187287040	104332	17179869184	/scratch/vgp-clean-P07-1791510-KMUN0E/vgp-vgp-clean-canary-20260722-v1-P07-psmc-replicate-101-1791510.partial
psmc/replicate-102	102	success	1784754805	1784755710	905	0	849187332096	103874	17179869184	/scratch/vgp-clean-P07-1791510-KMUN0E/vgp-vgp-clean-canary-20260722-v1-P07-psmc-replicate-102-1791510.partial
psmc/replicate-103	103	success	1784754805	1784755635	830	0	849187258368	103907	17179869184	/scratch/vgp-clean-P07-1791510-KMUN0E/vgp-vgp-clean-canary-20260722-v1-P07-psmc-replicate-103-1791510.partial
psmc/replicate-104	104	success	1784754805	1784755685	880	0	849187332096	103887	17179869184	/scratch/vgp-clean-P07-1791510-KMUN0E/vgp-vgp-clean-canary-20260722-v1-P07-psmc-replicate-104-1791510.partial
psmc/replicate-105	105	success	1784754805	1784755586	781	0	849187311616	103761	17179869184	/scratch/vgp-clean-P07-1791510-KMUN0E/vgp-vgp-clean-canary-20260722-v1-P07-psmc-replicate-105-1791510.partial
psmc/replicate-106	106	success	1784754805	1784755692	887	0	849187287040	104083	17179869184	/scratch/vgp-clean-P07-1791510-KMUN0E/vgp-vgp-clean-canary-20260722-v1-P07-psmc-replicate-106-1791510.partial
psmc/replicate-107	107	success	1784754805	1784755685	880	0	849187160064	103952	17179869184	/scratch/vgp-clean-P07-1791510-KMUN0E/vgp-vgp-clean-canary-20260722-v1-P07-psmc-replicate-107-1791510.partial
psmc/replicate-108	108	success	1784754805	1784755722	917	0	849187332096	103952	17179869184	/scratch/vgp-clean-P07-1791510-KMUN0E/vgp-vgp-clean-canary-20260722-v1-P07-psmc-replicate-108-1791510.partial
psmc/replicate-109	109	success	1784754805	1784755677	872	0	849187332096	104053	17179869184	/scratch/vgp-clean-P07-1791510-KMUN0E/vgp-vgp-clean-canary-20260722-v1-P07-psmc-replicate-109-1791510.partial
psmc/replicate-110	110	success	1784754805	1784755646	841	0	849187332096	103842	17179869184	/scratch/vgp-clean-P07-1791510-KMUN0E/vgp-vgp-clean-canary-20260722-v1-P07-psmc-replicate-110-1791510.partial
psmc/replicate-111	111	success	1784754805	1784755596	791	0	849187164160	104198	17179869184	/scratch/vgp-clean-P07-1791510-KMUN0E/vgp-vgp-clean-canary-20260722-v1-P07-psmc-replicate-111-1791510.partial
psmc/replicate-112	112	success	1784754805	1784755789	984	0	849187332096	104336	17179869184	/scratch/vgp-clean-P07-1791510-KMUN0E/vgp-vgp-clean-canary-20260722-v1-P07-psmc-replicate-112-1791510.partial
psmc/replicate-113	113	success	1784754805	1784755613	808	0	849187090432	103892	17179869184	/scratch/vgp-clean-P07-1791510-KMUN0E/vgp-vgp-clean-canary-20260722-v1-P07-psmc-replicate-113-1791510.partial
psmc/replicate-114	114	success	1784754805	1784755729	924	0	849187332096	104095	17179869184	/scratch/vgp-clean-P07-1791510-KMUN0E/vgp-vgp-clean-canary-20260722-v1-P07-psmc-replicate-114-1791510.partial
psmc/replicate-115	115	success	1784754805	1784755628	823	0	849187356672	103733	17179869184	/scratch/vgp-clean-P07-1791510-KMUN0E/vgp-vgp-clean-canary-20260722-v1-P07-psmc-replicate-115-1791510.partial
psmc/replicate-116	116	success	1784754805	1784755672	867	0	849187332096	104019	17179869184	/scratch/vgp-clean-P07-1791510-KMUN0E/vgp-vgp-clean-canary-20260722-v1-P07-psmc-replicate-116-1791510.partial
psmc/replicate-117	117	success	1784754805	1784755689	884	0	849187213312	103953	17179869184	/scratch/vgp-clean-P07-1791510-KMUN0E/vgp-vgp-clean-canary-20260722-v1-P07-psmc-replicate-117-1791510.partial
psmc/replicate-118	118	success	1784754805	1784755678	873	0	849187135488	103720	17179869184	/scratch/vgp-clean-P07-1791510-KMUN0E/vgp-vgp-clean-canary-20260722-v1-P07-psmc-replicate-118-1791510.partial
psmc/replicate-119	119	success	1784754805	1784755651	846	0	849187209216	104162	17179869184	/scratch/vgp-clean-P07-1791510-KMUN0E/vgp-vgp-clean-canary-20260722-v1-P07-psmc-replicate-119-1791510.partial
psmc/replicate-120	120	success	1784755789	1784756711	922	0	849184903168	103964	17179869184	/scratch/vgp-clean-P07-1791510-KMUN0E/vgp-vgp-clean-canary-20260722-v1-P07-psmc-replicate-120-1791510.partial
psmc/replicate-121	121	success	1784755789	1784756637	848	0	849184657408	103648	17179869184	/scratch/vgp-clean-P07-1791510-KMUN0E/vgp-vgp-clean-canary-20260722-v1-P07-psmc-replicate-121-1791510.partial
psmc/replicate-122	122	success	1784755789	1784756628	839	0	849184792576	103576	17179869184	/scratch/vgp-clean-P07-1791510-KMUN0E/vgp-vgp-clean-canary-20260722-v1-P07-psmc-replicate-122-1791510.partial
psmc/replicate-123	123	success	1784755789	1784756587	798	0	849184948224	104094	17179869184	/scratch/vgp-clean-P07-1791510-KMUN0E/vgp-vgp-clean-canary-20260722-v1-P07-psmc-replicate-123-1791510.partial
psmc/replicate-124	124	success	1784755789	1784756632	843	0	849184899072	103745	17179869184	/scratch/vgp-clean-P07-1791510-KMUN0E/vgp-vgp-clean-canary-20260722-v1-P07-psmc-replicate-124-1791510.partial
psmc/replicate-125	125	success	1784755789	1784756681	892	0	849184780288	103903	17179869184	/scratch/vgp-clean-P07-1791510-KMUN0E/vgp-vgp-clean-canary-20260722-v1-P07-psmc-replicate-125-1791510.partial
psmc/replicate-126	126	success	1784755789	1784756607	818	0	849184923648	103891	17179869184	/scratch/vgp-clean-P07-1791510-KMUN0E/vgp-vgp-clean-canary-20260722-v1-P07-psmc-replicate-126-1791510.partial
psmc/replicate-127	127	success	1784755789	1784756630	841	0	849184899072	103833	17179869184	/scratch/vgp-clean-P07-1791510-KMUN0E/vgp-vgp-clean-canary-20260722-v1-P07-psmc-replicate-127-1791510.partial
psmc/replicate-128	128	success	1784755789	1784756605	816	0	849184743424	103792	17179869184	/scratch/vgp-clean-P07-1791510-KMUN0E/vgp-vgp-clean-canary-20260722-v1-P07-psmc-replicate-128-1791510.partial
psmc/replicate-129	129	success	1784755789	1784756462	673	0	849184923648	104201	17179869184	/scratch/vgp-clean-P07-1791510-KMUN0E/vgp-vgp-clean-canary-20260722-v1-P07-psmc-replicate-129-1791510.partial
psmc/replicate-130	130	success	1784755789	1784756683	894	0	849184743424	104266	17179869184	/scratch/vgp-clean-P07-1791510-KMUN0E/vgp-vgp-clean-canary-20260722-v1-P07-psmc-replicate-130-1791510.partial
psmc/replicate-131	131	success	1784755789	1784756639	850	0	849184903168	103830	17179869184	/scratch/vgp-clean-P07-1791510-KMUN0E/vgp-vgp-clean-canary-20260722-v1-P07-psmc-replicate-131-1791510.partial
psmc/replicate-132	132	success	1784755789	1784756704	915	0	849184948224	104445	17179869184	/scratch/vgp-clean-P07-1791510-KMUN0E/vgp-vgp-clean-canary-20260722-v1-P07-psmc-replicate-132-1791510.partial
psmc/replicate-133	133	success	1784755789	1784756630	841	0	849184923648	104000	17179869184	/scratch/vgp-clean-P07-1791510-KMUN0E/vgp-vgp-clean-canary-20260722-v1-P07-psmc-replicate-133-1791510.partial
psmc/replicate-134	134	success	1784755789	1784756618	829	0	849184657408	103696	17179869184	/scratch/vgp-clean-P07-1791510-KMUN0E/vgp-vgp-clean-canary-20260722-v1-P07-psmc-replicate-134-1791510.partial
psmc/replicate-135	135	success	1784755789	1784756662	873	0	849184854016	103878	17179869184	/scratch/vgp-clean-P07-1791510-KMUN0E/vgp-vgp-clean-canary-20260722-v1-P07-psmc-replicate-135-1791510.partial
psmc/replicate-136	136	success	1784755789	1784756641	852	0	849184948224	103778	17179869184	/scratch/vgp-clean-P07-1791510-KMUN0E/vgp-vgp-clean-canary-20260722-v1-P07-psmc-replicate-136-1791510.partial
psmc/replicate-137	137	success	1784755789	1784756662	873	0	849184923648	103994	17179869184	/scratch/vgp-clean-P07-1791510-KMUN0E/vgp-vgp-clean-canary-20260722-v1-P07-psmc-replicate-137-1791510.partial
psmc/replicate-138	138	success	1784755789	1784756640	851	0	849184854016	103729	17179869184	/scratch/vgp-clean-P07-1791510-KMUN0E/vgp-vgp-clean-canary-20260722-v1-P07-psmc-replicate-138-1791510.partial
psmc/replicate-139	139	success	1784755789	1784756677	888	0	849184903168	104226	17179869184	/scratch/vgp-clean-P07-1791510-KMUN0E/vgp-vgp-clean-canary-20260722-v1-P07-psmc-replicate-139-1791510.partial
psmc/replicate-140	140	success	1784756712	1784757494	782	0	849182474240	103955	17179869184	/scratch/vgp-clean-P07-1791510-KMUN0E/vgp-vgp-clean-canary-20260722-v1-P07-psmc-replicate-140-1791510.partial
psmc/replicate-141	141	success	1784756712	1784757551	839	0	849182474240	103902	17179869184	/scratch/vgp-clean-P07-1791510-KMUN0E/vgp-vgp-clean-canary-20260722-v1-P07-psmc-replicate-141-1791510.partial
psmc/replicate-142	142	success	1784756712	1784757543	831	0	849182429184	103998	17179869184	/scratch/vgp-clean-P07-1791510-KMUN0E/vgp-vgp-clean-canary-20260722-v1-P07-psmc-replicate-142-1791510.partial
psmc/replicate-143	143	success	1784756712	1784757501	789	0	849182253056	104202	17179869184	/scratch/vgp-clean-P07-1791510-KMUN0E/vgp-vgp-clean-canary-20260722-v1-P07-psmc-replicate-143-1791510.partial
psmc/replicate-144	144	success	1784756712	1784757570	858	0	849182277632	103983	17179869184	/scratch/vgp-clean-P07-1791510-KMUN0E/vgp-vgp-clean-canary-20260722-v1-P07-psmc-replicate-144-1791510.partial
psmc/replicate-145	145	success	1784756712	1784757545	833	0	849182240768	104240	17179869184	/scratch/vgp-clean-P07-1791510-KMUN0E/vgp-vgp-clean-canary-20260722-v1-P07-psmc-replicate-145-1791510.partial
psmc/replicate-146	146	success	1784756712	1784757491	779	0	849182208000	103968	17179869184	/scratch/vgp-clean-P07-1791510-KMUN0E/vgp-vgp-clean-canary-20260722-v1-P07-psmc-replicate-146-1791510.partial
psmc/replicate-147	147	success	1784756712	1784757560	848	0	849182429184	103879	17179869184	/scratch/vgp-clean-P07-1791510-KMUN0E/vgp-vgp-clean-canary-20260722-v1-P07-psmc-replicate-147-1791510.partial
psmc/replicate-148	148	success	1784756712	1784757567	855	0	849182326784	104220	17179869184	/scratch/vgp-clean-P07-1791510-KMUN0E/vgp-vgp-clean-canary-20260722-v1-P07-psmc-replicate-148-1791510.partial
psmc/replicate-149	149	success	1784756712	1784757590	878	0	849182429184	104021	17179869184	/scratch/vgp-clean-P07-1791510-KMUN0E/vgp-vgp-clean-canary-20260722-v1-P07-psmc-replicate-149-1791510.partial
psmc/replicate-150	150	success	1784756712	1784757561	849	0	849182474240	103976	17179869184	/scratch/vgp-clean-P07-1791510-KMUN0E/vgp-vgp-clean-canary-20260722-v1-P07-psmc-replicate-150-1791510.partial
psmc/replicate-151	151	success	1784756712	1784757577	865	0	849182294016	104096	17179869184	/scratch/vgp-clean-P07-1791510-KMUN0E/vgp-vgp-clean-canary-20260722-v1-P07-psmc-replicate-151-1791510.partial
psmc/replicate-152	152	success	1784756712	1784757583	871	0	849182167040	104071	17179869184	/scratch/vgp-clean-P07-1791510-KMUN0E/vgp-vgp-clean-canary-20260722-v1-P07-psmc-replicate-152-1791510.partial
psmc/replicate-153	153	success	1784756712	1784757519	807	0	849182208000	104329	17179869184	/scratch/vgp-clean-P07-1791510-KMUN0E/vgp-vgp-clean-canary-20260722-v1-P07-psmc-replicate-153-1791510.partial
psmc/replicate-154	154	success	1784756712	1784757595	883	0	849182425088	104142	17179869184	/scratch/vgp-clean-P07-1791510-KMUN0E/vgp-vgp-clean-canary-20260722-v1-P07-psmc-replicate-154-1791510.partial
psmc/replicate-155	155	success	1784756712	1784757530	818	0	849182330880	104416	17179869184	/scratch/vgp-clean-P07-1791510-KMUN0E/vgp-vgp-clean-canary-20260722-v1-P07-psmc-replicate-155-1791510.partial
psmc/replicate-156	156	success	1784756712	1784757591	879	0	849182355456	103711	17179869184	/scratch/vgp-clean-P07-1791510-KMUN0E/vgp-vgp-clean-canary-20260722-v1-P07-psmc-replicate-156-1791510.partial
psmc/replicate-157	157	success	1784756712	1784757593	881	0	849182326784	104268	17179869184	/scratch/vgp-clean-P07-1791510-KMUN0E/vgp-vgp-clean-canary-20260722-v1-P07-psmc-replicate-157-1791510.partial
psmc/replicate-158	158	success	1784756712	1784757586	874	0	849182355456	103694	17179869184	/scratch/vgp-clean-P07-1791510-KMUN0E/vgp-vgp-clean-canary-20260722-v1-P07-psmc-replicate-158-1791510.partial
psmc/replicate-159	159	success	1784756712	1784757527	815	0	849182355456	104105	17179869184	/scratch/vgp-clean-P07-1791510-KMUN0E/vgp-vgp-clean-canary-20260722-v1-P07-psmc-replicate-159-1791510.partial
psmc/replicate-160	160	success	1784757595	1784758435	840	0	849179688960	104130	17179869184	/scratch/vgp-clean-P07-1791510-KMUN0E/vgp-vgp-clean-canary-20260722-v1-P07-psmc-replicate-160-1791510.partial
psmc/replicate-161	161	success	1784757595	1784758474	879	0	849179758592	103988	17179869184	/scratch/vgp-clean-P07-1791510-KMUN0E/vgp-vgp-clean-canary-20260722-v1-P07-psmc-replicate-161-1791510.partial
psmc/replicate-162	162	success	1784757595	1784758457	862	0	849179709440	104066	17179869184	/scratch/vgp-clean-P07-1791510-KMUN0E/vgp-vgp-clean-canary-20260722-v1-P07-psmc-replicate-162-1791510.partial
psmc/replicate-163	163	success	1784757595	1784758509	914	0	849179688960	103569	17179869184	/scratch/vgp-clean-P07-1791510-KMUN0E/vgp-vgp-clean-canary-20260722-v1-P07-psmc-replicate-163-1791510.partial
psmc/replicate-164	164	success	1784757595	1784758445	850	0	849179738112	103815	17179869184	/scratch/vgp-clean-P07-1791510-KMUN0E/vgp-vgp-clean-canary-20260722-v1-P07-psmc-replicate-164-1791510.partial
psmc/replicate-165	165	success	1784757595	1784758397	802	0	849179578368	104055	17179869184	/scratch/vgp-clean-P07-1791510-KMUN0E/vgp-vgp-clean-canary-20260722-v1-P07-psmc-replicate-165-1791510.partial
psmc/replicate-166	166	success	1784757595	1784758414	819	0	849179586560	104151	17179869184	/scratch/vgp-clean-P07-1791510-KMUN0E/vgp-vgp-clean-canary-20260722-v1-P07-psmc-replicate-166-1791510.partial
psmc/replicate-167	167	success	1784757595	1784758415	820	0	849179758592	104180	17179869184	/scratch/vgp-clean-P07-1791510-KMUN0E/vgp-vgp-clean-canary-20260722-v1-P07-psmc-replicate-167-1791510.partial
psmc/replicate-168	168	success	1784757595	1784758492	897	0	849179418624	104481	17179869184	/scratch/vgp-clean-P07-1791510-KMUN0E/vgp-vgp-clean-canary-20260722-v1-P07-psmc-replicate-168-1791510.partial
psmc/replicate-169	169	success	1784757595	1784758497	902	0	849179758592	103877	17179869184	/scratch/vgp-clean-P07-1791510-KMUN0E/vgp-vgp-clean-canary-20260722-v1-P07-psmc-replicate-169-1791510.partial
psmc/replicate-170	170	success	1784757595	1784758414	819	0	849179738112	104058	17179869184	/scratch/vgp-clean-P07-1791510-KMUN0E/vgp-vgp-clean-canary-20260722-v1-P07-psmc-replicate-170-1791510.partial
psmc/replicate-171	171	success	1784757595	1784758437	842	0	849179758592	103637	17179869184	/scratch/vgp-clean-P07-1791510-KMUN0E/vgp-vgp-clean-canary-20260722-v1-P07-psmc-replicate-171-1791510.partial
psmc/replicate-172	172	success	1784757595	1784758408	813	0	849179738112	103854	17179869184	/scratch/vgp-clean-P07-1791510-KMUN0E/vgp-vgp-clean-canary-20260722-v1-P07-psmc-replicate-172-1791510.partial
psmc/replicate-173	173	success	1784757595	1784758462	867	0	849179807744	104309	17179869184	/scratch/vgp-clean-P07-1791510-KMUN0E/vgp-vgp-clean-canary-20260722-v1-P07-psmc-replicate-173-1791510.partial
psmc/replicate-174	174	success	1784757595	1784758452	857	0	849179758592	103805	17179869184	/scratch/vgp-clean-P07-1791510-KMUN0E/vgp-vgp-clean-canary-20260722-v1-P07-psmc-replicate-174-1791510.partial
psmc/replicate-175	175	success	1784757595	1784758518	923	0	849179426816	103653	17179869184	/scratch/vgp-clean-P07-1791510-KMUN0E/vgp-vgp-clean-canary-20260722-v1-P07-psmc-replicate-175-1791510.partial
psmc/replicate-176	176	success	1784757595	1784758401	806	0	849179512832	103997	17179869184	/scratch/vgp-clean-P07-1791510-KMUN0E/vgp-vgp-clean-canary-20260722-v1-P07-psmc-replicate-176-1791510.partial
psmc/replicate-177	177	success	1784757595	1784758464	869	0	849179598848	103604	17179869184	/scratch/vgp-clean-P07-1791510-KMUN0E/vgp-vgp-clean-canary-20260722-v1-P07-psmc-replicate-177-1791510.partial
psmc/replicate-178	178	success	1784757595	1784758445	850	0	849179639808	103983	17179869184	/scratch/vgp-clean-P07-1791510-KMUN0E/vgp-vgp-clean-canary-20260722-v1-P07-psmc-replicate-178-1791510.partial
psmc/replicate-179	179	success	1784757595	1784758434	839	0	849179738112	103958	17179869184	/scratch/vgp-clean-P07-1791510-KMUN0E/vgp-vgp-clean-canary-20260722-v1-P07-psmc-replicate-179-1791510.partial
psmc/replicate-180	180	success	1784758519	1784759395	876	0	849177370624	103740	17179869184	/scratch/vgp-clean-P07-1791510-KMUN0E/vgp-vgp-clean-canary-20260722-v1-P07-psmc-replicate-180-1791510.partial
psmc/replicate-181	181	success	1784758519	1784759330	811	0	849177493504	104335	17179869184	/scratch/vgp-clean-P07-1791510-KMUN0E/vgp-vgp-clean-canary-20260722-v1-P07-psmc-replicate-181-1791510.partial
psmc/replicate-182	182	success	1784758519	1784759348	829	0	849177468928	103684	17179869184	/scratch/vgp-clean-P07-1791510-KMUN0E/vgp-vgp-clean-canary-20260722-v1-P07-psmc-replicate-182-1791510.partial
psmc/replicate-183	183	success	1784758519	1784759335	816	0	849177493504	104002	17179869184	/scratch/vgp-clean-P07-1791510-KMUN0E/vgp-vgp-clean-canary-20260722-v1-P07-psmc-replicate-183-1791510.partial
psmc/replicate-184	184	success	1784758519	1784759326	807	0	849177513984	104115	17179869184	/scratch/vgp-clean-P07-1791510-KMUN0E/vgp-vgp-clean-canary-20260722-v1-P07-psmc-replicate-184-1791510.partial
psmc/replicate-185	185	success	1784758519	1784759417	898	0	849177415680	104380	17179869184	/scratch/vgp-clean-P07-1791510-KMUN0E/vgp-vgp-clean-canary-20260722-v1-P07-psmc-replicate-185-1791510.partial
psmc/replicate-186	186	success	1784758519	1784759344	825	0	849177346048	103892	17179869184	/scratch/vgp-clean-P07-1791510-KMUN0E/vgp-vgp-clean-canary-20260722-v1-P07-psmc-replicate-186-1791510.partial
psmc/replicate-187	187	success	1784758519	1784759328	809	0	849177268224	103915	17179869184	/scratch/vgp-clean-P07-1791510-KMUN0E/vgp-vgp-clean-canary-20260722-v1-P07-psmc-replicate-187-1791510.partial
psmc/replicate-188	188	success	1784758519	1784759350	831	0	849177341952	103920	17179869184	/scratch/vgp-clean-P07-1791510-KMUN0E/vgp-vgp-clean-canary-20260722-v1-P07-psmc-replicate-188-1791510.partial
psmc/replicate-189	189	success	1784758519	1784759322	803	0	849177468928	103690	17179869184	/scratch/vgp-clean-P07-1791510-KMUN0E/vgp-vgp-clean-canary-20260722-v1-P07-psmc-replicate-189-1791510.partial
psmc/replicate-190	190	success	1784758519	1784759337	818	0	849177468928	103875	17179869184	/scratch/vgp-clean-P07-1791510-KMUN0E/vgp-vgp-clean-canary-20260722-v1-P07-psmc-replicate-190-1791510.partial
psmc/replicate-191	191	success	1784758519	1784759329	810	0	849177468928	103933	17179869184	/scratch/vgp-clean-P07-1791510-KMUN0E/vgp-vgp-clean-canary-20260722-v1-P07-psmc-replicate-191-1791510.partial
psmc/replicate-192	192	success	1784758519	1784759356	837	0	849177493504	103470	17179869184	/scratch/vgp-clean-P07-1791510-KMUN0E/vgp-vgp-clean-canary-20260722-v1-P07-psmc-replicate-192-1791510.partial
psmc/replicate-193	193	success	1784758519	1784759307	788	0	849177292800	103719	17179869184	/scratch/vgp-clean-P07-1791510-KMUN0E/vgp-vgp-clean-canary-20260722-v1-P07-psmc-replicate-193-1791510.partial
psmc/replicate-194	194	success	1784758519	1784759399	880	0	849177468928	104105	17179869184	/scratch/vgp-clean-P07-1791510-KMUN0E/vgp-vgp-clean-canary-20260722-v1-P07-psmc-replicate-194-1791510.partial
psmc/replicate-195	195	success	1784758519	1784759348	829	0	849177272320	104247	17179869184	/scratch/vgp-clean-P07-1791510-KMUN0E/vgp-vgp-clean-canary-20260722-v1-P07-psmc-replicate-195-1791510.partial
psmc/replicate-196	196	success	1784758519	1784759348	829	0	849177493504	103938	17179869184	/scratch/vgp-clean-P07-1791510-KMUN0E/vgp-vgp-clean-canary-20260722-v1-P07-psmc-replicate-196-1791510.partial
psmc/replicate-197	197	success	1784758519	1784759359	840	0	849177464832	103467	17179869184	/scratch/vgp-clean-P07-1791510-KMUN0E/vgp-vgp-clean-canary-20260722-v1-P07-psmc-replicate-197-1791510.partial
psmc/replicate-198	198	success	1784758519	1784759418	899	0	849177366528	103967	17179869184	/scratch/vgp-clean-P07-1791510-KMUN0E/vgp-vgp-clean-canary-20260722-v1-P07-psmc-replicate-198-1791510.partial
psmc/replicate-199	199	success	1784758519	1784759442	923	0	849177513984	103849	17179869184	/scratch/vgp-clean-P07-1791510-KMUN0E/vgp-vgp-clean-canary-20260722-v1-P07-psmc-replicate-199-1791510.partial
psmc/replicate-200	200	success	1784759442	1784760280	838	0	849175224320	103696	17179869184	/scratch/vgp-clean-P07-1791510-KMUN0E/vgp-vgp-clean-canary-20260722-v1-P07-psmc-replicate-200-1791510.partial
psmc/finalize		success	1784760281	1784760282	1	0	849175187456	124765	17179869184	/scratch/vgp-clean-P07-1791510-KMUN0E/vgp-vgp-clean-canary-20260722-v1-P07-psmc-finalize-1791510.partial
